b81764f1,Devin Colyer,71 minutes ago,Tue May 12 12:35:17 2020 +0100,More Tweaks,,,
6de15697,Devin Colyer,71 minutes ago,Tue May 12 12:34:40 2020 +0100,Tweaks and bug fixes,,,
15fe9adb,Devin Colyer,2 hours ago,Tue May 12 11:47:56 2020 +0100,Cleaned up and final builds made,The builds can be found in the builds folder,,
,,,,,,,
4a86aff1,ArthurCD,11 hours ago,Tue May 12 03:16:53 2020 +0200,Dynamic Music Added to Level 2 + Menu & End Scene,Changes and additions:,,
#NAME?,,,,,,,
#NAME?,,,,,,,
#NAME?,,,,,,,
#NAME?,,,,,,,
,,,,,,,
Non Unity Related:,,,,,,,
#NAME?,,,,,,,
#NAME?,,,,,,,
,,,,,,,
186cf92d,Michael Lindermanis,13 hours ago,Tue May 12 01:01:57 2020 +0100,Added dotted path to player agent, general improvements.,Changes and Additions:,
#NAME?,,,,,,,
#NAME?, the mouse cursor should now change to 'clickable' when the player hovers over a nearby extinguisher.,,,,,,
#NAME?,,,,,,,
,,,,,,,
951f61d6,Devin Colyer,14 hours ago,Mon May 11 23:17:39 2020 +0100,All NPCs Implemented,,,
91a509c4,Devin Colyer,18 hours ago,Mon May 11 20:10:09 2020 +0100,NPCs Imported and Materials Dealth with, animations broken,,
69db196f,ArthurCD,19 hours ago,Mon May 11 19:21:41 2020 +0200,Every Dialogues Working,Changes and additions:,,
#NAME?,,,,,,,
#NAME?,,,,,,,
,,,,,,,
b3a65efe,ArthurCD,2 days ago,Sun May 10 16:39:54 2020 +0200,Need Help For Hazards Left Dialogue,Will explain in discord,,
,,,,,,,
f6086564,ArthurCD,2 days ago,Sun May 10 16:39:34 2020 +0200,Need Help For Hazards Left Dialogue,Will explain in discord,,
,,,,,,,
bd89e55f,ArthurCD,3 days ago,Sat May 9 16:10:33 2020 +0200,Add electric sound, Need to know what to do with last dialogues,Changes and additions:,
#NAME?,,,,,,,
#NAME?,,,,,,,
#NAME?,,,,,,,
,,,,,,,
Known Issues:,,,,,,,
#NAME?, Level 3,,,,,,
,,,,,,,
7ff36d15,ArthurCD,4 days ago,Fri May 8 23:15:52 2020 +0200,Fixed Bugs and Half way to implement all sound on last scene,Changes and Additions overal scenes:,,
#NAME?,,,,,,,
#NAME?,,,,,,,
#NAME?,,,,,,,
#NAME?,,,,,,,
"- Update references based on new ""public game object""",,,,,,,
,,,,,,,
Changes and Additions scene 3:,,,,,,,
#NAME?,,,,,,,
"- Enter ""0"" value to public Dialogue int (theses one won't play any dialogue for now)",,,,,,,
,,,,,,,
bee3fac7,Devin Colyer,4 days ago,Fri May 8 16:14:08 2020 +0100,Updated Splash screen to higher res with text,,,
033496d1,Devin Colyer,5 days ago,Fri May 8 00:48:20 2020 +0100,Update To Splashscreen,,,
39b65154,Michael Lindermanis,5 days ago,Thu May 7 05:09:36 2020 +0100,Added end screen.,Changes and Additions:,,
#NAME?,,,,,,,
#NAME?,,,,,,,
#NAME?,,,,,,,
,,,,,,,
2bbbb236,Devin Colyer,5 days ago,Thu May 7 02:41:46 2020 +0100,Level 3 fully built,Needs audio and tweaks but  is fully playable now,,
,,,,,,,
868b0cea,Michael Lindermanis,7 days ago,Tue May 5 22:54:06 2020 +0100,Fixed navmesh issue in section 3.,Changes and Additions:,,
- Fixed issue with navmesh not baking correctly in first room of section 3. The issue seemed to relate to how static and dynamic objects group together when baking a navmesh. This may be worth remembering if it comes up again in the future.,,,,,,,
- Added new 'reflection' effect to the floor in the section 3 kitchen minigame. This effect is created by rendering a mirrored version of the room underneath the floor. This essentially doubles the number of rendered polygons. However, if the count is low enough this shouldn't be a problem. Will need to test performance on relative hardware.,,,,,,
,,,,,,,
73647829,Michael Lindermanis,7 days ago,Tue May 5 07:04:59 2020 +0100,Fixed issue with missing prefabs.,Changes and Additions:,,
#NAME?,,,,,,,
,,,,,,,
Known Issues:,,,,,,,
- The navmesh seems to break in the section 3 blockout. This only happens when the game starts and the navmesh is re-baked at the start of the game. When baked in editor the navmesh appears fine. May relate to player prefab? Could be fixed by re-importing. Need to look into this more.,,,,,,,
,,,,,,,
7dc6f765,Devin Colyer,8 days ago,Mon May 4 22:09:22 2020 +0100,Updated to unity version 2019.2.0f1,,,
c940b8c7,ArthurCD,8 days ago,Mon May 4 17:29:39 2020 +0200,Adapt Music to the situation Level1,Changes and Additions:,,
#NAME?,,,,,,,
#NAME?,,,,,,,
#NAME?,,,,,,,
#NAME?,,,,,,,
#NAME?,,,,,,,
,,,,,,,
3d2df1de,Michael Lindermanis,8 days ago,Mon May 4 06:24:27 2020 +0100,Updated section 3 blockout, general improvements.,Changes and Additions:,
- Fixed issue where screen fade wasn't happening before camera transition. Someone changed the target alpha to zero which caused the transition to happen immediately.,,,,,,,
- Updated blockout for section 3. The blockout should now be complete including the general layout as well as rough drafts of the three of the four minigame. Still need to add the models for the new version of the socket minigame,,,,,,,
#NAME?,,,,,,,
#NAME?, the blockout doesn't have any of the audio set up like in other levels. This causes a lot of null reference errors as the audio scripts can't be found. An additional check was added to make sure the audio variables were there before doing anything with them.,,,,,,
#NAME?,,,,,,,
,,,,,,,
Known Issues:,,,,,,,
#NAME?,,,,,,,
,,,,,,,
bc5fc040,Devin Colyer,9 days ago,Sun May 3 23:48:43 2020 +0100,Updated existing scripts to standard naming convention and fixed problems with audio scripting,,,
c9797468,ArthurCD,9 days ago,Sun May 3 12:08:43 2020 +0200,Not the breakthrough commit of the year,Changes and Additions:,,
#NAME?,,,,,,,
#NAME?,,,,,,,
,,,,,,,
Known Issues:,,,,,,,
- I'm not making improvement on extinguisher sound, so I added the specifics codes to directly check if the sound is already playing.,,,,,,
,,,,,,,
ba0aeb99,ArthurCD,10 days ago,Sat May 2 17:02:51 2020 +0200,Created And implemented Extinguisher Sounds,New Script: -ExtinguisherSounds,,
Modified script: -ExtinguisherMinigameController,,,,,,,
Modified Components:,,,,,,,
#NAME?,,,,,,,
#NAME?,,,,,,,
#NAME?,,,,,,,
#NAME?,,,,,,,
,,,,,,,
Minor Defect Notified on Discord,,,,,,,
,,,,,,,
4fd9bdfc,ArthurCD,11 days ago,Sat May 2 00:33:37 2020 +0200,Double Checked Everything's working after forced to merge commits,,,
88dea9d4,ArthurCD,11 days ago,Sat May 2 00:27:21 2020 +0200,Merge branch 'final-game' of https://github.com/Devin-Colyer/des310_FireTrainingSimulator into final-game,,,
c7c247a2,ArthurCD,11 days ago,Sat May 2 00:23:15 2020 +0200,FireMinigamesDialogueCompleted,Modified:,,
#NAME?,,,,,,,
#NAME?,,,,,,,
,,,,,,,
bc2cd7c9,Michael Lindermanis,11 days ago,Fri May 1 22:56:41 2020 +0100,Added new cursor system.,Changes and Additions:,,
#NAME?,,,,,,,
#NAME?,,,,,,,
#NAME?, the cursor will change to notify the player.,,,,,,
#NAME?,,,,,,,
- Updated collision geometry in the section 1 levels. There was a second collider for the floor which was slightly higher than the other. This caused a few issues with slightly off movement and clicking on the box hazard.,,,,,,,
#NAME?,,,,,,,
,,,,,,,
Known Issues:,,,,,,,
#NAME?,,,,,,,
,,,,,,,
598a4d6e,ArthurCD,11 days ago,Fri May 1 18:04:08 2020 +0200,Dialogues Done for Level 1 + Dynamic Fire added to Level 2,Fire Sound created from sounds addition, now implemented on FMOD and Unity,
Lot of rework in the Hierarchy of Level1 and Level 2,,,,,,,
New Scripts:,,,,,,,
#NAME?,,,,,,,
#NAME?,,,,,,,
#NAME?,,,,,,,
#NAME?,,,,,,,
#NAME?,,,,,,,
Modified:,,,,,,,
#NAME?,,,,,,,
#NAME?,,,,,,,
,,,,,,,
088bb258,ArthurCD,12 days ago,Thu Apr 30 15:14:00 2020 +0200,Audio Settings Script added,,,
611fdc8d,ArthurCD,13 days ago,Wed Apr 29 18:34:36 2020 +0200,Dialogue Scripts Work,"With so lines added to ""HazardFinder"" Script",,
,,,,,,,
71625d06,ArthurCD,13 days ago,Wed Apr 29 12:26:36 2020 +0200,Still the Same Unfinished Script,,,
46ad0ce4,Devin Colyer,2 weeks ago,Wed Apr 29 02:01:35 2020 +0100,Camera updated to properly move when rooms change and fire extinguisher type now matters,Changes and Additions:,,
#NAME?,,,,,,,
#NAME?,,,,,,,
#NAME?,,,,,,,
,,,,,,,
Known Issues:,,,,,,,
- The extinguishers in the blockout don't fully work.,,,,,,,
#NAME?,,,,,,,
,,,,,,,
85acaa1e,ArthurCD,2 weeks ago,Tue Apr 28 17:53:05 2020 +0200,Unfinished Scripting Work,"Add temporary ""test"" script",,
"Modifying ""thirdpersonsound"" and ""dialogue"" script",,,,,,,
,,,,,,,
53de83f9,Michael Lindermanis,2 weeks ago,Tue Apr 28 07:55:19 2020 +0100,Updated section 3 minigame to support new extinguisher system.,Changes and Additions:,,
- Updated models in section 3 minigame.,,,,,,,
- Added new material for walls in section 3.,,,,,,,
- Added extinguisher objects to section 3 blockout.,,,,,,,
#NAME?,,,,,,,
,,,,,,,
Known Issues:,,,,,,,
- The extinguishers in the blockout don't fully work. The raycast keeps hitting the trigger collider which stops the player from moving near the extinguisher. This also stops the player from clicking on the extinguisher itself. Need to update some of the scripts to fix this.,,,,,,,
,,,,,,,
0bd68a89,ArthurCD,2 weeks ago,Tue Apr 28 00:52:27 2020 +0200,Footsteps Set for all actual scenes,,,
18a1c5e6,Devin Colyer,2 weeks ago,Mon Apr 27 22:08:38 2020 +0100,Extinguisher Pickups Fixed - Framework for Extinguisher Type Minigame Implemented,Added new script ExtinguisherTrackerComponent and updated the player Prefab,,
Edited ExtinguisherComponent, ExtinguisherMinigameController, PlayerAnimationController and TriggerGlow,,,,,
Updated level 2 scene,,,,,,,
,,,,,,,
c6bb1b44,ArthurCD,2 weeks ago,Mon Apr 27 17:55:02 2020 +0200,Minor changes, Footsteps material Switcher added as Prefeb,,
b5790e95,Devin Colyer,2 weeks ago,Mon Apr 27 16:34:35 2020 +0100,Fixed Problems,,,
f949fdbb,Devin-Colyer,2 weeks ago,Mon Apr 27 11:41:00 2020 +0100,Merge pull request #14 from Devin-Colyer/final-game-fix,Update to baseline,,
924a7a24,Michael Lindermanis,2 weeks ago,Mon Apr 27 08:25:35 2020 +0100,Updated section 3 blockout.,Changes and Additions:,,
- Added final room to section 3 blockout.,,,,,,,
- Updated models in kitchen minigame (section 3).,,,,,,,
#NAME?,,,,,,,
,,,,,,,
ee1ad04a,Devin Colyer,2 weeks ago,Sun Apr 26 22:14:50 2020 +0100,Fixed Minigame Lighting,,,
ab3d1274,Devin Colyer,2 weeks ago,Sun Apr 26 22:05:34 2020 +0100,Level 2 - only audio needed now,,,
13310792,Devin Colyer,2 weeks ago,Sun Apr 26 20:47:59 2020 +0100,This is now the master branch,,,
68ea29d6,Devin Colyer,2 weeks ago,Sun Apr 26 03:12:48 2020 +0100,Level 2 is Fully Playable,Requires new minigames (models, positions and mats),
,,,,,,,
78767a6b,Michael Lindermanis,2 weeks ago,Sat Apr 25 22:12:40 2020 +0100,Updated section 3 blockout, added new minigame variant.,Changes and Additions:,
- Updated hazard finder script. Previously the script needed a reference to the player as well as the hazard popup. As the player already contains the popup a link to both isn't really necessary.,,,,,,,
- Added additonal rooms to section 3 blockout.,,,,,,,
- Updated section 3 blockout to work with new room connection system.,,,,,,,
#NAME?,,,,,,,
#NAME?,,,,,,,
- Player can now complete section 3 and open the exit by completing the first minigame. Will add the remaining minigames later.,,,,,,,
- Updated materials in section 2 minigames. The minigames should now have a similar colour scheme to what is seen in the level. This is not finalized and will probably need updated later.,,,,,,,
,,,,,,,
d4e6d222,ArthurCD,3 weeks ago,Sat Apr 25 00:58:28 2020 +0200,Fixed Version,I had accidentally made the End of Box Minigame not working by dropping a gameObject onto Level1_Finalized>Minigames>BoxMinigames>Door Blockables.,,
This caused the level to not complete, and to isolate the issue, I had to revert to a working version of the commits history.,,,,,
EVERYTHING IS FINE AND WORK AS BEFORE NOW!,,,,,,,
,,,,,,,
f1540dc7,ArthurCD,3 weeks ago,Fri Apr 24 23:15:13 2020 +0200,"Revert ""Revert ""Box Sound Environment Reacting (Will need help)""""",This reverts commit c180d5f4b8f8c3428880e289e74d10e13f036bb2.,,
,,,,,,,
e4582353,ArthurCD,3 weeks ago,Fri Apr 24 22:57:05 2020 +0200,"Revert ""Box Sound Environment Reacting (Will need help)""",This reverts commit 37dc5693d7a5245daf6d1d0458374933e88acf79.,,
,,,,,,,
e2b71ff3,ArthurCD,3 weeks ago,Fri Apr 24 22:56:58 2020 +0200,"Revert ""Revert ""Box Sound Environment Reacting (Will need help)""""",This reverts commit c180d5f4b8f8c3428880e289e74d10e13f036bb2.,,
,,,,,,,
9c183cf6,ArthurCD,3 weeks ago,Fri Apr 24 22:56:34 2020 +0200,"Revert ""Revert ""Revert ""Revert ""LunchTimeCommit""""""""",This reverts commit 891f7f1a5380ff75efe7b1fce9103747e9934f71.,,
,,,,,,,
891f7f1a,ArthurCD,3 weeks ago,Fri Apr 24 22:52:52 2020 +0200,"Revert ""Revert ""Revert ""LunchTimeCommit""""""",This reverts commit 0b7a97008c41659a701b088f274cd93b7a346417.,,
,,,,,,,
9127f3b2,ArthurCD,3 weeks ago,Fri Apr 24 22:52:26 2020 +0200,"Revert ""Box Sound Environment Reacting (Will need help)""",This reverts commit 37dc5693d7a5245daf6d1d0458374933e88acf79.,,
,,,,,,,
2b39897f,ArthurCD,3 weeks ago,Fri Apr 24 22:52:16 2020 +0200,"Revert ""Revert ""Box Sound Environment Reacting (Will need help)""""",This reverts commit c180d5f4b8f8c3428880e289e74d10e13f036bb2.,,
,,,,,,,
0b7a9700,ArthurCD,3 weeks ago,Fri Apr 24 22:52:08 2020 +0200,"Revert ""Revert ""LunchTimeCommit""""",This reverts commit e2e44b3e8aae1a4cbe53333b19fc435e8b8ddee5.,,
,,,,,,,
e2e44b3e,ArthurCD,3 weeks ago,Fri Apr 24 22:46:37 2020 +0200,"Revert ""LunchTimeCommit""",This reverts commit 48308a94821f6e6a2ea8122b6815ebda64fa1b7b.,,
,,,,,,,
c180d5f4,ArthurCD,3 weeks ago,Fri Apr 24 22:46:28 2020 +0200,"Revert ""Box Sound Environment Reacting (Will need help)""",This reverts commit 37dc5693d7a5245daf6d1d0458374933e88acf79.,,
,,,,,,,
37dc5693,ArthurCD,3 weeks ago,Fri Apr 24 17:45:14 2020 +0200,Box Sound Environment Reacting (Will need help),"2 of the 3 different ""BoxSounds"" are implemented", will need some help for the last one,
,,,,,,,
48308a94,ArthurCD,3 weeks ago,Fri Apr 24 14:34:30 2020 +0200,LunchTimeCommit,"Few changes on ""BoxPointandClickSound"" script",,
,,,,,,,
c6a582f6,ArthurCD,3 weeks ago,Fri Apr 24 12:45:47 2020 +0200,Minor Errors Fixed,Mainly re routing SFX,,
Edit Unusful codes,,,,,,,
,,,,,,,
cbc65303,Devin Colyer,3 weeks ago,Thu Apr 23 23:55:12 2020 +0100,Merge branch 'final-game' of https://github.com/Devin-Colyer/des310_FireTrainingSimulator into final-game,,,
31bd88f4,Devin Colyer,3 weeks ago,Thu Apr 23 23:55:08 2020 +0100,Fixed Navmesh Problems, Updated RoomAreaTriggers and RoomControllers,,
7f7a0592,ArthurCD,3 weeks ago,Thu Apr 23 17:41:33 2020 +0200,Dialugues Ready For Implementation,All dialogues are ready for implementation, scripts also nearly ready to adapt any Needed Events,
,,,,,,,
f7166991,Devin Colyer,3 weeks ago,Thu Apr 23 04:14:50 2020 +0100,Merge,,,
4849ba94,Devin Colyer,3 weeks ago,Thu Apr 23 04:03:20 2020 +0100,New Scene Added for Final 2nd Level, Updated Main Menu,,
b14eb248,ArthurCD,3 weeks ago,Wed Apr 22 18:07:17 2020 +0200,Finished: Dialogue editing + New temporary Script,Add Third Personn Controller with old working script, will be just used for the Audio Test Scene,
,,,,,,,
fda6c4d0,Devin Colyer,3 weeks ago,Mon Apr 20 11:39:53 2020 +0100,Fixed the poster,,,
7353602d,Michael Lindermanis,3 weeks ago,Sun Apr 19 19:05:35 2020 +0100,Re-added removed changes.,Changes and Additions:,,
#NAME?,,,,,,,
,,,,,,,
b7c8758e,Devin Colyer,3 weeks ago,Sun Apr 19 01:08:40 2020 +0100,New Models added for Section 2,Optimized memory usage by reducing batch size with the amount of materials used.,,
,,,,,,,
9e34722b,Devin Colyer,4 weeks ago,Wed Apr 15 14:27:41 2020 +0100,Removed Old Scenes, Assets and Cleaned Up Files,,
187f19bd,ArthurCD,4 weeks ago,Wed Apr 15 10:36:40 2020 +0200,Merge branch 'level-test' of https://github.com/Devin-Colyer/des310_FireTrainingSimulator into level-test,,,
6b314959,ArthurCD,4 weeks ago,Wed Apr 15 10:35:07 2020 +0200,Minor FMOD and Reaper Work,With Updated Soundbank to Unity,,
,,,,,,,
d1565330,Michael Lindermanis,4 weeks ago,Mon Apr 13 19:06:37 2020 +0100,Restored changes from previous commit.,Changes and Additions:,,
#NAME?, table and shelf colours should now match what is seen in the level.,,,,,,
,,,,,,,
e1490a29,ArthurCD,4 weeks ago,Sat Apr 11 16:16:58 2020 +0200,Merge branch 'level-test' of https://github.com/Devin-Colyer/des310_FireTrainingSimulator into level-test,,,
9131d5cf,ArthurCD,4 weeks ago,Sat Apr 11 16:10:21 2020 +0200,Sample of 2 Dialogue added,Soundquality sample ready for team feedback,,
FMOD implement 2 dialogue sounds,,,,,,,
Unity: - changes on ThirPersonSounds to add first dialogue on start,,,,,,,
"- new script ""Dialogue"" to play a dialogue based on its public parameter",,,,,,,
#NAME?,,,,,,,
,,,,,,,
b6d8b574,Michael Lindermanis,5 weeks ago,Fri Apr 10 05:55:43 2020 +0100,Updated box minigame.,Changes and Additions:,,
#NAME?, added new model to replace the 'bowling ball' on the shelf. This should use fewers polygons than the placeholder model from before. The model is fully UV mapped if a texture needs to be added at a later date.,,,,,,
#NAME?, reuses a lot of shared vertices.,,,,,,
#NAME?, as above.,,,,,,
#NAME?,,,,,,,
#NAME?,,,,,,,
,,,,,,,
Known Issues:,,,,,,,
- The wall and floor materials used in the box minigame don't match what is seen in the level. Testing alternative colour schemes.,,,,,,,
,,,,,,,
2f07c223,Michael Lindermanis,5 weeks ago,Thu Apr 9 03:20:21 2020 +0100,Added models to box minigame.,Changes and Additions:,,
#NAME?,,,,,,,
#NAME?,,,,,,,
- Updated the 'soda can' object seen in the box minigame. The object should now be replaced with a proper model.,,,,,,,
,,,,,,,
33c4a01f,Michael Lindermanis,5 weeks ago,Tue Apr 7 23:11:42 2020 +0100,Added new models to box minigame.,Changes and Additions:,,
#NAME?,,,,,,,
- Changed player in section 1 to use kinematic for rigidbody. This fix was used to solve some issue in section 2, seems to improve similar issue in section 1. Should add this update to the prefab at some point.,,,,,,
,,,,,,,
b5152d3f,Michael Lindermanis,5 weeks ago,Mon Apr 6 04:47:40 2020 +0100,Added point and click trigger to remaining doorways. General fixes.,Changes and Additions:,,
#NAME?,,,,,,,
- Added point and click trigger to other doorways in section 1 and 2.,,,,,,,
- Fixed player spinning when changing rooms in section 2 blockout.,,,,,,,
,,,,,,,
70eabec6,ArthurCD,6 weeks ago,Thu Apr 2 16:36:29 2020 +0200,NewFootsteps and Dynamic Music Working,Sample Scene of what's possible is available.,,
It's now possible to have a talk whenever with programmers to explain how sound implementation work.,,,,,,,
,,,,,,,
6591be55,ArthurCD,6 weeks ago,Wed Apr 1 23:25:43 2020 +0200,Merge branch 'level-test' of https://github.com/Devin-Colyer/des310_FireTrainingSimulator into level-test,,,
4f56c871,ArthurCD,6 weeks ago,Wed Apr 1 22:58:27 2020 +0200,Rebuild Of Footsteps and more Sound Script& Assets,More work on Reaper," FMOD with ""Material"" parameter who replace the individual parameters to save RAM and CPU usage.",
New scripts, still have to figure how to fully access FMOD Parameters from any script,,,,,,
,,,,,,,
4c04df21,Devin Colyer,6 weeks ago,Mon Mar 30 21:47:05 2020 +0100,Removed Old Assets and Scenes,Removed:,,
#NAME?,,,,,,,
#NAME?,,,,,,,
#NAME?,,,,,,,
,,,,,,,
Moved:,,,,,,,
#NAME?,,,,,,,
,,,,,,,
Renamed:,,,,,,,
#NAME?,,,,,,,
,,,,,,,
Added:,,,,,,,
#NAME?,,,,,,,
,,,,,,,
8ec4281b,Michael Lindermanis,6 weeks ago,Sun Mar 29 07:54:13 2020 +0100,Updated point and click movement.,Changes and Additions:,,
#NAME?, this component can be used to make the player walk towards a pre-defined destination.,,,,,,
#NAME?, the player will navigate to the trigger destination instead of the clicked area in the level.,,,,,,
#NAME?,,,,,,,
,,,,,,,
Known Issues:,,,,,,,
- The new trigger system is only used in the first level of section 1, other doorways still need to be updated.,,,,,,
,,,,,,,
7247ecec,ArthurCD,7 weeks ago,Thu Mar 26 17:40:17 2020 +0100,Footsteps Reaper Editing,,,
fd30579f,Michael Lindermanis,7 weeks ago,Sun Mar 22 19:16:00 2020 +0000,Integrated extinguisher minigame into test level.,Changes and Additions:,,
- Integrated extinguisher minigame into test level for section 2.,,,,,,,
#NAME?,,,,,,,
#NAME?, screen fade would reset each frame and camera would never change. The camera controller will now check if it is already changing before accepting a new camera change.,,,,,,
#NAME?,,,,,,,
,,,,,,,
c21836b4,Devin Colyer,7 weeks ago,Sun Mar 22 15:12:48 2020 +0000,Navmesh Obstacles not Navmesh Modifiers,,,
f5797097,Devin Colyer,7 weeks ago,Sun Mar 22 15:07:52 2020 +0000,Changes to Section2TestScene to implement fire extinguisher minigame,,,
455dbc0b,Devin Colyer,7 weeks ago,Sun Mar 22 14:33:48 2020 +0000,Merge branch 'level-test' of https://github.com/Devin-Colyer/des310_FireTrainingSimulator into level-test,# Conflicts:,,
"#	FireTrainingSim/Assembly-CSharp-firstpass.csproj",,,,,,,
"#	FireTrainingSim/Assembly-CSharp.csproj",,,,,,,
"#	FireTrainingSim/FireTrainingSim.sln",,,,,,,
"#	FireTrainingSim/Library/CurrentLayout.dwlt",,,,,,,
"#	FireTrainingSim/Library/CurrentMaximizeLayout.dwlt",,,,,,,
"#	FireTrainingSim/Library/ScriptAssemblies/Assembly-CSharp.dll",,,,,,,
"#	FireTrainingSim/Library/ScriptAssemblies/Assembly-CSharp.dll.mdb",,,,,,,
"#	FireTrainingSim/Library/assetDatabase3",,,,,,,
"#	FireTrainingSim/Library/metadata/cd/cd33e3e507cc5be4486e004e197a1df8",,,,,,,
"#	FireTrainingSim/Library/shadercompiler-UnityShaderCompiler.exe0.log",,,,,,,
"#	FireTrainingSim/NavMeshComponents.csproj",,,,,,,
"#	FireTrainingSim/NavMeshComponentsEditor.csproj",,,,,,,
"#	FireTrainingSim/NavMeshComponentsExamples.csproj",,,,,,,
"#	FireTrainingSim/NavMeshComponentsExamplesEditor.csproj",,,,,,,
"#	FireTrainingSim/NavMeshComponentsPlaymodeTests.csproj",,,,,,,
"#	FireTrainingSim/obj/Debug/DesignTimeResolveAssemblyReferencesInput.cache",,,,,,,
,,,,,,,
f5be5739,Devin Colyer,7 weeks ago,Sun Mar 22 14:30:47 2020 +0000,Near Finished Extinguishers Minigame,,,
a4ee7a85,Michael Lindermanis,8 weeks ago,Wed Mar 18 19:01:27 2020 +0000,Added ability to exit level and close minigames.,Changes and Additions:,,
#NAME?, pressing 'escape' will exit to the main menu and all progress will be lost. This could be expanded to include a menu system for exiting or changing settings.,,,,,,
- Added a script to exit minigames back into the main level. Exiting the minigame will keep any progress up to that point. This should be useful in case anyone get's stuck in the minigame and needs to exit.,,,,,,,
,,,,,,,
0549a191,Michael Lindermanis,8 weeks ago,Mon Mar 16 01:39:25 2020 +0000,Updated build scenes.,Changes and Additions:,,
- Added section 1 and main menu back to build scene. Game should now be working as it was pre-merge.,,,,,,,
,,,,,,,
3d8b509e,Michael Lindermanis,8 weeks ago,Mon Mar 16 01:31:03 2020 +0000,Merge branch 'level-test' of https://github.com/Devin-Colyer/des310_FireTrainingSimulator into level-test,,,
e7dcc4cd,Michael Lindermanis,8 weeks ago,Mon Mar 16 01:20:36 2020 +0000,Added new electricity particle effect.,Changes and Additions:,,
- Created new electricity particle effect. The effect has been added to the socket hazard in section 1 and the server room in section 2. This should help indicating electrical hazards.,,,,,,,
,,,,,,,
Known Issues:,,,,,,,
- Raycasting doesn't always work when clicking on hazards. This issue only occurs on low settings. May be due to lack of vsync? Needs further testing.,,,,,,,
,,,,,,,
58829d1a,ArthurCD,8 weeks ago,Sun Mar 15 22:50:27 2020 +0000,FMOD Work,Some Build test on Unity,,
fail attempts when comes to FMOD !,,,,,,,
,,,,,,,
12741d93,ARTHUR COMPIN DUBUS,8 weeks ago,Sun Mar 15 17:53:50 2020 +0000,MusicSwitch Scripting,,,
f078e5aa,ARTHUR COMPIN DUBUS,9 weeks ago,Fri Mar 13 17:00:29 2020 +0000,FirstPassToImplementSoundUpdate,Footsteps mechanics,,
,,,,,,,
bda52d12,ARTHUR COMPIN DUBUS,9 weeks ago,Fri Mar 13 15:31:26 2020 +0000,FirstPassToImplementSound,Remove majority of Wwise components.,,
Integrate new FMOD Middleware,,,,,,,
Start to adapt scripts, SFX and Music,,,,,,
Need Help for Script,,,,,,,
,,,,,,,
b8660bdd,Michael Lindermanis,9 weeks ago,Tue Mar 10 14:31:52 2020 +0000,Updated box pickup script.,Changes and Additions:,,
- Updated pickup scripts for box minigame. Added additional check to make sure frame time wasn't less than or equal to zero. This should fix some of the reported issues where boxes vibrated on pickup.,,,,,,,
,,,,,,,
Known Issues:,,,,,,,
- Character will rotate incorrectly after navigation in the section 2 test level.,,,,,,,
#NAME?,,,,,,,
#NAME?,,,,,,,
,,,,,,,
02037b8d,Michael Lindermanis,9 weeks ago,Mon Mar 9 17:03:49 2020 +0000,Added extinguishers to test level. General gameplay improvements.,Changes and Additions:,,
- Updated hazard interaction in main level. Players can now enter the minigame by clicking on a hazard rather than pressing 'E'.,,,,,,,
- Added fire extinguishers to section 2. - Extinguishers can be interacted with, causing them to disappear while selected.,,,,,,
#NAME?,,,,,,,
#NAME?,,,,,,,
#NAME?,,,,,,,
,,,,,,,
Known Issues:,,,,,,,
#NAME?,,,,,,,
,,,,,,,
dbc8279c,Michael Lindermanis,9 weeks ago,Mon Mar 9 00:41:01 2020 +0000,Merge branch 'level-test' of https://github.com/Devin-Colyer/des310_FireTrainingSimulator into level-test,,,
ebec8d31,Michael Lindermanis,9 weeks ago,Mon Mar 9 00:40:52 2020 +0000,Added end condition to first section.,Changes and Additions:,,
#NAME?,,,,,,,
- Updated section 2 blockout. Added additonal props, romeoved unnecessary geometry.,,,,,,
,,,,,,,
9a5e59ec,Devin,10 weeks ago,Fri Mar 6 15:07:46 2020 +0000,"Revert ""Creating Game Board - WiP""",This reverts commit d472e1de3f7468d330f29c940a11709945329931.,,
,,,,,,,
d472e1de,Devin,10 weeks ago,Fri Mar 6 15:06:57 2020 +0000,Creating Game Board - WiP,,,
79f601b4,Michael Lindermanis,2 months ago,Tue Mar 3 16:09:40 2020 +0000,Updated gitignore.,,,
883ff997,Michael Lindermanis,2 months ago,Tue Mar 3 15:58:39 2020 +0000,Updated gitignore.,,,
ef3bf8ac,Michael Lindermanis,2 months ago,Tue Mar 3 15:58:03 2020 +0000,Merge branch 'level-test' of https://github.com/Devin-Colyer/des310_FireTrainingSimulator into level-test,,,
61d2d2b5,Michael Lindermanis,2 months ago,Tue Mar 3 15:50:55 2020 +0000,Created blockout for second section.,Changes and Additions:,,
#NAME?,,,,,,,
#NAME?,,,,,,,
#NAME?,,,,,,,
,,,,,,,
Known Issues:,,,,,,,
#NAME?,,,,,,,
- Player animations continue to play when they shouldn't.,,,,,,,
,,,,,,,
be4ce1ce,Devin,2 months ago,Tue Mar 3 13:28:25 2020 +0000,Fire Extiguisher Movement And Particles Implemented,,,
dcbc6dc1,Devin,2 months ago,Tue Mar 3 10:43:56 2020 +0000,Updated Textures,,,
315bf30f,Michael Lindermanis,2 months ago,Mon Mar 2 16:27:15 2020 +0000,Added gitignore.,,,
fff0897d,Michael Lindermanis,2 months ago,Mon Mar 2 16:21:45 2020 +0000,Merge branch 'level-test' of https://github.com/Devin-Colyer/des310_FireTrainingSimulator into level-test,,,
b5cf5f0b,Michael Lindermanis,2 months ago,Mon Mar 2 15:59:50 2020 +0000,Updated levels, added textures.,Changes and Additions:,
#NAME?,,,,,,,
#NAME?,,,,,,,
- Crated an emissive material for the computer monitors in section level 2. Monitors will now appear to glow more realisitcally.,,,,,,,
,,,,,,,
cb99281d,Devin,2 months ago,Mon Mar 2 15:44:23 2020 +0000,Basic Extiguisher Scene Done,,,
e0671c7d,Michael Lindermanis,2 months ago,Sun Mar 1 23:04:59 2020 +0000,Imported first two levels into the test scene.,Changes and Additions:,,
#NAME?,,,,,,,
#NAME?,,,,,,,
#NAME?,,,,,,,
,,,,,,,
Known Issues:,,,,,,,
- Glow currently isn't enabled in the main level. Need to re-apply shaders to get the effect to work.,,,,,,,
#NAME?,,,,,,,
,,,,,,,
f4aeedb9,MarkTempestMitchell,3 months ago,Thu Feb 27 23:59:46 2020 +0000,Levels 1 & 2,A to-character-model-scale of Levels 1 & 2 AND an upscaled by 100 version.,,
- Levels 1 & 2 seperated into their own Groups.,,,,,,,
"- Minigame ""Challenge"" items seperate mesh from LevelBase",,,,,,,
- Extinguishers in Level 2 seperate Mesh if alterations needed,,,,,,,
#NAME?, Door is seperate from frame for a Rotate Y: 90, pivot is in hinge location.,,,,,
10bf362d,ARTHUR COMPIN DUBUS,3 months ago,Tue Feb 25 16:07:50 2020 +0000,Just Add Raw Record Session,"Audio files for first scenes will be worked under ""SoundDesign"" Branch",,
,,,,,,,
eb264855,Devin,3 months ago,Mon Feb 24 13:19:43 2020 +0000,Little Update - Issues fixed,There are still issues with the shader and issues with the audio in certain scenes,,
,,,,,,,
d2832017,Devin Colyer,3 months ago,Sun Feb 23 16:10:11 2020 +0000,Merge Finished,,,
bfdf4743,Devin Colyer,3 months ago,Sun Feb 23 16:08:26 2020 +0000,Merge branch 'transition-test-master',# Conflicts:,,
"#	FireTrainingSim/Library/CurrentLayout.dwlt",,,,,,,
"#	FireTrainingSim/Library/assetDatabase3",,,,,,,
,,,,,,,
14c00225,Devin Colyer,3 months ago,Sun Feb 23 16:07:44 2020 +0000,Remerge,,,
0950d489,Devin Colyer,3 months ago,Sun Feb 23 16:03:27 2020 +0000,Merge branch 'AudioImplementationMechanics',# Conflicts:,,
"#	AIMockUpStuff/AIEvacMockupScene.meta",,,,,,,
"#	AIMockUpStuff/AIEvacMockupScene/NavMesh-NavMesh.asset",,,,,,,
"#	AIMockUpStuff/AIEvacMockupScene/NavMesh-NavMesh.asset.meta",,,,,,,
"#	FireTrainingSim/Assembly-CSharp.csproj",,,,,,,
"#	FireTrainingSim/Assets/Scenes/MinigameTestScene.unity",,,,,,,
"#	FireTrainingSim/Assets/Scenes/MinigameTestScene.unity.meta",,,,,,,
"#	FireTrainingSim/Assets/Scenes/MovementTestScene.meta",,,,,,,
"#	FireTrainingSim/Assets/Scenes/MovementTestScene/NavMesh-NavMesh.asset.meta",,,,,,,
"#	FireTrainingSim/Assets/Scenes/SampleScene.unity.meta",,,,,,,
"#	FireTrainingSim/Assets/Scenes/TransitionTestScene.unity",,,,,,,
"#	FireTrainingSim/Assets/Scripts/Movement/CameraSwitch.cs.meta",,,,,,,
"#	FireTrainingSim/Assets/Scripts/Socket Minigame.meta",,,,,,,
"#	FireTrainingSim/Assets/StreamingAssets/desc.txt.meta",,,,,,,
"#	FireTrainingSim/Assets/Wwise/Editor/WwiseWindows/TreeViewControl/TreeViewHoverSkin.guiskin.meta",,,,,,,
"#	FireTrainingSim/Library/CurrentLayout.dwlt",,,,,,,
"#	FireTrainingSim/Library/InspectorExpandedItems.asset",,,,,,,
"#	FireTrainingSim/Library/LastSceneManagerSetup.txt",,,,,,,
"#	FireTrainingSim/Library/ScriptAssemblies/Assembly-CSharp.dll",,,,,,,
"#	FireTrainingSim/Library/ScriptAssemblies/Assembly-CSharp.dll.mdb",,,,,,,
"#	FireTrainingSim/Library/assetDatabase3",,,,,,,
"#	FireTrainingSim/Library/expandedItems",,,,,,,
"#	FireTrainingSim/Library/metadata/03/038d539a4f520ca4d88e368f2e7c7e69.info",,,,,,,
"#	FireTrainingSim/Library/metadata/11/11a8bb248113d7743b5e41c32b1207fa.info",,,,,,,
"#	FireTrainingSim/Library/metadata/27/27d4df6ab1998aa4fbd13fb4550556fc",,,,,,,
"#	FireTrainingSim/Library/metadata/36/362673352e3320147a1d34b9818e7846.info",,,,,,,
"#	FireTrainingSim/Library/metadata/36/36b1340dbd562484aa89d46af61c4a2b",,,,,,,
"#	FireTrainingSim/Library/metadata/39/39e5ee5c5e28ec74fbaaf0bf4c582e7a.info",,,,,,,
"#	FireTrainingSim/Library/metadata/4f/4fa50bf502e5b0146b4a8468f8ccc0d0",,,,,,,
"#	FireTrainingSim/Library/metadata/54/54af75c9e59a06d4cba4c80579f52cda",,,,,,,
"#	FireTrainingSim/Library/metadata/5e/5e35cccf4b374f3408b03dc8c4183aae",,,,,,,
"#	FireTrainingSim/Library/metadata/6a/6a0a229fa3458d84fbec50e75e4fcbcd",,,,,,,
"#	FireTrainingSim/Library/metadata/6a/6a0a229fa3458d84fbec50e75e4fcbcd.info",,,,,,,
"#	FireTrainingSim/Library/metadata/78/781ffa9e733885348af570c9a5d5a5a3",,,,,,,
"#	FireTrainingSim/Library/metadata/7d/7d518e1e6f0eb1a479a1cd20c3a06b2e",,,,,,,
"#	FireTrainingSim/Library/metadata/7d/7d518e1e6f0eb1a479a1cd20c3a06b2e.info",,,,,,,
"#	FireTrainingSim/Library/metadata/7f/7fd8d7598720a834ca9774142be3d962",,,,,,,
"#	FireTrainingSim/Library/metadata/7f/7fd8d7598720a834ca9774142be3d962.info",,,,,,,
"#	FireTrainingSim/Library/metadata/92/926a859b8bb1a3b47a2ab1989a843693",,,,,,,
"#	FireTrainingSim/Library/metadata/93/930103d2a012c404fa5d11dbae28f97c",,,,,,,
"#	FireTrainingSim/Library/metadata/93/93f8598d730fdd14f90f4d1580addedd",,,,,,,
"#	FireTrainingSim/Library/metadata/98/9895e7052df45cd4c862a6a9f918bbe7",,,,,,,
"#	FireTrainingSim/Library/metadata/98/9895e7052df45cd4c862a6a9f918bbe7.info",,,,,,,
"#	FireTrainingSim/Library/metadata/c7/c7064ccdeb251aa499a275537416881f",,,,,,,
"#	FireTrainingSim/Library/metadata/cb/cb1ecffd014f4b8438dcff0728eb17d7",,,,,,,
"#	FireTrainingSim/Library/metadata/cb/cb1ecffd014f4b8438dcff0728eb17d7.info",,,,,,,
"#	FireTrainingSim/Library/metadata/cd/cd33e3e507cc5be4486e004e197a1df8",,,,,,,
"#	FireTrainingSim/Library/metadata/cd/cd33e3e507cc5be4486e004e197a1df8.info",,,,,,,
"#	FireTrainingSim/Library/metadata/e9/e940bfa3e00e56b41969d18bb4556026",,,,,,,
"#	FireTrainingSim/Library/metadata/ef/ef10c0dd5257f6d42b73fdc337b046be",,,,,,,
"#	FireTrainingSim/Library/shadercompiler-UnityShaderCompiler.exe0.log",,,,,,,
"#	FireTrainingSim/obj/Debug/Assembly-CSharp.csprojAssemblyReference.cache",,,,,,,
"#	FireTrainingSim/obj/Debug/NavMeshComponents.csprojAssemblyReference.cache",,,,,,,
"#	FireTrainingSim/obj/Debug/NavMeshComponentsEditor.csprojAssemblyReference.cache",,,,,,,
"#	FireTrainingSim/obj/Debug/NavMeshComponentsExamples.csprojAssemblyReference.cache",,,,,,,
"#	FireTrainingSim/obj/Debug/NavMeshComponentsExamplesEditor.csprojAssemblyReference.cache",,,,,,,
"#	FireTrainingSim/obj/Debug/NavMeshComponentsPlaymodeTests.csprojAssemblyReference.cache",,,,,,,
,,,,,,,
8e30b204,Devin Colyer,3 months ago,Sun Feb 23 15:23:46 2020 +0000,Removed old scenes prior to merge,,,
4ab88c9c,Devin Colyer,3 months ago,Sun Feb 23 15:10:42 2020 +0000,Merge branch 'transition-test-master',# Conflicts:,,
"#	FireTrainingSim/Assembly-CSharp.csproj",,,,,,,
"#	FireTrainingSim/Assets/Scenes/TransitionTestScene.unity.meta",,,,,,,
"#	FireTrainingSim/Library/CurrentLayout.dwlt",,,,,,,
"#	FireTrainingSim/Library/ScriptAssemblies/Assembly-CSharp.dll",,,,,,,
"#	FireTrainingSim/Library/ScriptAssemblies/Assembly-CSharp.dll.mdb",,,,,,,
"#	FireTrainingSim/Library/assetDatabase3",,,,,,,
"#	FireTrainingSim/Library/expandedItems",,,,,,,
"#	FireTrainingSim/Library/metadata/36/36b1340dbd562484aa89d46af61c4a2b",,,,,,,
"#	FireTrainingSim/Library/metadata/42/420a2576a0861f54ca1624caeb386ac9",,,,,,,
"#	FireTrainingSim/Library/metadata/42/4263aababc85c5a478bfe67fcfb6f7e7",,,,,,,
"#	FireTrainingSim/Library/metadata/42/4263aababc85c5a478bfe67fcfb6f7e7.info",,,,,,,
"#	FireTrainingSim/Library/metadata/5e/5e35cccf4b374f3408b03dc8c4183aae",,,,,,,
"#	FireTrainingSim/Library/metadata/78/781ffa9e733885348af570c9a5d5a5a3",,,,,,,
"#	FireTrainingSim/Library/metadata/92/926a859b8bb1a3b47a2ab1989a843693",,,,,,,
"#	FireTrainingSim/Library/metadata/bc/bc3f33111c469bf4ba5bdb20888f922f",,,,,,,
"#	FireTrainingSim/Library/metadata/bc/bc3f33111c469bf4ba5bdb20888f922f.info",,,,,,,
"#	FireTrainingSim/Library/metadata/e9/e940bfa3e00e56b41969d18bb4556026",,,,,,,
"#	FireTrainingSim/Library/metadata/ef/ef10c0dd5257f6d42b73fdc337b046be",,,,,,,
"#	FireTrainingSim/Library/metadata/f7/f7b66dc03367f08489cf24dbb5e8eb3b",,,,,,,
,,,,,,,
ea81fd63,Devin Colyer,3 months ago,Sun Feb 23 14:03:52 2020 +0000,Pre merge filepath update,,,
d1e4fa0d,Devin Colyer,3 months ago,Sun Feb 23 13:58:18 2020 +0000,Initial edit to file paths before merge,,,
d280d37c,Devin Colyer,3 months ago,Thu Feb 20 23:14:57 2020 +0000,Created AI Mockup, conflicted with other scenes,Mockup is in seperate folder with changed scripts used with the scene, original scripts remain
,,,,,,,
dc46e585,ArthurCD,3 months ago,Thu Feb 20 20:18:32 2020 +0000,Music Implementation, READY2MERGE,Music and SFX communicate with Unity Project.,
Need studio session to record more SFX,,,,,,,
"Need merging with ""transition-test-Master"" to implement UI and minigame sounds",,,,,,,
,,,,,,,
6f645da5,Devin,3 months ago,Tue Feb 18 15:31:56 2020 +0000,Updated Build Settings,,,
305dcdb7,Michael Lindermanis,3 months ago,Mon Feb 17 15:26:41 2020 +0000,Fixed various issues in test level.,Changes and Additions:,,
#NAME?,,,,,,,
#NAME?,,,,,,,
#NAME?,,,,,,,
,,,,,,,
1d5fb7b2,Michael Lindermanis,3 months ago,Mon Feb 17 14:39:28 2020 +0000,"Revert ""Added UI stuff from ui branch""",This reverts commit 7f929d5f4028f11a48e5e446b14e273e2a29d42d.,,
,,,,,,,
7f929d5f,Michael Lindermanis,3 months ago,Mon Feb 17 12:29:10 2020 +0000,Added UI stuff from ui branch,,,
405e9f0b,ArthurCD,3 months ago,Mon Feb 17 04:47:01 2020 +0000,EssentialSounds,Has to be merge with the actual build, see with the team on monday,
,,,,,,,
3e1fadb9,Michael Lindermanis,3 months ago,Sun Feb 16 19:47:56 2020 +0000,Added socket minigame to transition test.,Changes and Additions:,,
#NAME?,,,,,,,
#NAME?,,,,,,,
,,,,,,,
5625207f,Michael Lindermanis,3 months ago,Sun Feb 16 18:16:34 2020 +0000,Implemented full minigame functionality within the level.,Changes and Additions:,,
#NAME?,,,,,,,
#NAME?,,,,,,,
- Players can now enter hazard minigames by pressing 'E' when near a hazard.,,,,,,,
#NAME?,,,,,,,
,,,,,,,
Known Issues:,,,,,,,
- Minigames don't match the level. The current level is only used for testing so this should be fine for now.,,,,,,,
#NAME?,,,,,,,
,,,,,,,
ac1ff0a2,ArthurCD,3 months ago,Sat Feb 15 01:51:28 2020 +0000,AudioEnvironmentCreation,Add the Actual Wwise project,,
Implement wwise to Unity project,,,,,,,
Create first test instance of a cube with extended box collider, attached to a script who'll call an event created by wwise.,,,,,,
,,,,,,,
fc9e999d,Devin Colyer,3 months ago,Wed Feb 12 21:42:44 2020 +0000,Made the camera movement script for the main level more robust,The script now checks what is causing the camera movement to trigger. if it's anything but the player it now will NOT trigger anything.,,
,,,,,,,
57d2c094,Michael Lindermanis,3 months ago,Wed Feb 12 18:13:06 2020 +0000,Updated socket minigame, re-implemented camera transition in test level.,Changes and Additions:,
- Changed name of 'SampleScene' to 'MinigameTestScene'.,,,,,,,
#NAME?,,,,,,,
#NAME?,,,,,,,
#NAME?,,,,,,,
,,,,,,,
Known Issues:,,,,,,,
#NAME?,,,,,,,
#NAME?,,,,,,,
,,,,,,,
32c439be,Devin Colyer,3 months ago,Wed Feb 12 16:13:26 2020 +0000,"Revert ""Revert ""Update to the Socket minigame by Michael""""",This reverts commit b0834c0507dc3fcce8b3785ff8a165953d0a29ec.,,
,,,,,,,
b0834c05,Devin Colyer,3 months ago,Wed Feb 12 16:13:12 2020 +0000,"Revert ""Update to the Socket minigame by Michael""",This reverts commit 4dde73ebba66a53ebcc6701dea53e82e53fa220f.,,
,,,,,,,
4dde73eb,Devin Colyer,3 months ago,Wed Feb 12 16:00:15 2020 +0000,Update to the Socket minigame by Michael,,,
94252069,Devin Colyer,3 months ago,Wed Feb 12 15:33:07 2020 +0000,Merging Transition Branch,,,
b1373eee,Devin-Colyer,3 months ago,Wed Feb 12 15:00:00 2020 +0000,Merge pull request #9 from Devin-Colyer/Main-Menu-Test,Main menu test,,
27b855fc,Devin,3 months ago,Tue Feb 11 16:58:41 2020 +0000,Minigame Transfer Script,,,
d1844747,Devin,3 months ago,Tue Feb 11 14:43:19 2020 +0000,Hazard Detection Stuff,,,
b4b6cae4,MarkTempestMitchell,3 months ago,Tue Feb 11 14:20:57 2020 +0000,Turning Walk Animations,,,
39eb9cfe,MarkTempestMitchell,3 months ago,Tue Feb 11 13:16:20 2020 +0000,Level 2 -Initial Test,,,
2d0b5883,MarkTempestMitchell,3 months ago,Tue Feb 11 12:36:40 2020 +0000,Minigame Socket V2,,,
2c06b9a8,MarkTempestMitchell,3 months ago,Tue Feb 11 12:00:34 2020 +0000,Merge pull request #8 from Devin-Colyer/art-materials,Minigame-Socket,,
3505c4ef,MARK TEMPEST-MITCHELL,3 months ago,Tue Feb 11 12:00:02 2020 +0000,Minigame-Socket,FBX File for Socket Minigame,,
,,,,,,,
5de9b434,Devin Colyer,3 months ago,Mon Feb 10 19:59:19 2020 +0000,Player Animation Added,-Remapped the joints in unity's model thingy,,
#NAME?,,,,,,,
#NAME?,,,,,,,
#NAME?,,,,,,,
,,,,,,,
d826507b,MarkTempestMitchell,3 months ago,Mon Feb 10 15:20:45 2020 +0000,Player Model BASE FBX,,,
4fa559f5,MarkTempestMitchell,3 months ago,Mon Feb 10 14:45:08 2020 +0000,Socket Minigame Items,,,
9e7c04e0,Devin Colyer,3 months ago,Mon Feb 10 13:30:26 2020 +0000,Working Main Menu Added, Cleaned Up Files - Good Management,,
1ae9dc20,MarkTempestMitchell,3 months ago,Mon Feb 10 13:04:57 2020 +0000,CABLE MINIGAME - Cable Models,,,
f661d1d3,MarkTempestMitchell,3 months ago,Mon Feb 10 12:09:42 2020 +0000,PlayerModel-Textured-OBJ,Final Player Model,,
#NAME?,,,,,,,
#NAME?,,,,,,,
2c184447,Devin Colyer,3 months ago,Mon Feb 10 10:30:21 2020 +0000,Conflicts should be fixed,,,
fd04fcd4,Devin Colyer,3 months ago,Mon Feb 10 09:51:58 2020 +0000,Merge operation finished, everything is in master.,,
48861bf2,Devin-Colyer,3 months ago,Mon Feb 10 09:40:12 2020 +0000,Merge pull request #7 from Devin-Colyer/Movement-Test,Merge branch 'minigame-test' into Movement-Test,,
0d8161d0,Devin Colyer,3 months ago,Mon Feb 10 09:39:12 2020 +0000,Merge branch 'minigame-test' into Movement-Test,# Conflicts:,,
"#	FireTrainingSim/.vs/FireTrainingSim/v15/.suo",,,,,,,
"#	FireTrainingSim/.vs/FireTrainingSim/v15/Server/sqlite3/storage.ide",,,,,,,
"#	FireTrainingSim/Assembly-CSharp.csproj",,,,,,,
"#	FireTrainingSim/Assets/Materials.meta",,,,,,,
"#	FireTrainingSim/Assets/Scenes/SampleScene.unity",,,,,,,
"#	FireTrainingSim/Assets/Scripts.meta",,,,,,,
"#	FireTrainingSim/FireTrainingSim.sln",,,,,,,
"#	FireTrainingSim/Library/CurrentLayout.dwlt",,,,,,,
"#	FireTrainingSim/Library/CurrentMaximizeLayout.dwlt",,,,,,,
"#	FireTrainingSim/Library/InspectorExpandedItems.asset",,,,,,,
"#	FireTrainingSim/Library/ScriptAssemblies/Assembly-CSharp.dll",,,,,,,
"#	FireTrainingSim/Library/ScriptAssemblies/Assembly-CSharp.dll.mdb",,,,,,,
"#	FireTrainingSim/Library/ScriptAssemblies/Unity.PackageManagerUI.Editor.dll.mdb",,,,,,,
"#	FireTrainingSim/Library/ScriptAssemblies/UnityEditor.StandardEvents.dll.mdb",,,,,,,
"#	FireTrainingSim/Library/assetDatabase3",,,,,,,
"#	FireTrainingSim/Library/expandedItems",,,,,,,
"#	FireTrainingSim/Library/metadata/0d/0d3bb855445e36e479c85976fc88383a",,,,,,,
"#	FireTrainingSim/Library/metadata/12/12fd8a0055b84bb59e84c9835a37e333",,,,,,,
"#	FireTrainingSim/Library/metadata/1b/1b355da31ea043feba0c03e35dd4bc62",,,,,,,
"#	FireTrainingSim/Library/metadata/1c/1c6d1fbb51834b64847b1b73a75bfc77",,,,,,,
"#	FireTrainingSim/Library/metadata/21/21eff446d50eaf44a85985cd4c0b6fa1",,,,,,,
"#	FireTrainingSim/Library/metadata/26/2682a692a2be7e14e901a738c7806da0",,,,,,,
"#	FireTrainingSim/Library/metadata/2f/2fe3476eabbbb6c448e6b55a2cc471f5",,,,,,,
"#	FireTrainingSim/Library/metadata/32/32188fd89022c154c81befa2f0e00be0",,,,,,,
"#	FireTrainingSim/Library/metadata/32/328cc881519068e4eb7db4bb907ad2d9",,,,,,,
"#	FireTrainingSim/Library/metadata/38/38c8faf1788024c02930a0c68a6e0edc",,,,,,,
"#	FireTrainingSim/Library/metadata/3a/3a84de5cd0624681b6b6dcd8921d912a",,,,,,,
"#	FireTrainingSim/Library/metadata/3b/3bb0254b9671413d9d08a855c5090237",,,,,,,
"#	FireTrainingSim/Library/metadata/3e/3e9a2175e0404f7ea30b2b694850bae0",,,,,,,
"#	FireTrainingSim/Library/metadata/40/405b9b51bb344a128608d968297df79c",,,,,,,
"#	FireTrainingSim/Library/metadata/41/4113173d5e95493ab8765d7b08371de4",,,,,,,
"#	FireTrainingSim/Library/metadata/46/46098a81a64a45c5b756320e10a22f13",,,,,,,
"#	FireTrainingSim/Library/metadata/49/49f5766d0d4954f44b85d4bbd7131677",,,,,,,
"#	FireTrainingSim/Library/metadata/4a/4a3ecb1425d14502837abea459cf2b70",,,,,,,
"#	FireTrainingSim/Library/metadata/4b/4b3fa4bde7f1451a8218c03ee6a8ded8",,,,,,,
"#	FireTrainingSim/Library/metadata/4b/4ba2329b63d54f0187bcaa12486b1b0f",,,,,,,
"#	FireTrainingSim/Library/metadata/51/517af1b5b81b93b43b9745d58f017562",,,,,,,
"#	FireTrainingSim/Library/metadata/53/53ebcfaa2e1e4e2dbc85882cd5a73fa1",,,,,,,
"#	FireTrainingSim/Library/metadata/57/5782f9e9e6e0bb94bac99aeea24814fc",,,,,,,
"#	FireTrainingSim/Library/metadata/5f/5f32cd94baa94578a686d4b9d6b660f7",,,,,,,
"#	FireTrainingSim/Library/metadata/69/6981461fe431401459211818212a29cf",,,,,,,
"#	FireTrainingSim/Library/metadata/6a/6a10b2909283487f913b00d94cd3faf5",,,,,,,
"#	FireTrainingSim/Library/metadata/6e/6e2d432c5ea14e75aa3a79f90f704442",,,,,,,
"#	FireTrainingSim/Library/metadata/6f/6fe576b47d8b47688ec5d02bccd15cf9",,,,,,,
"#	FireTrainingSim/Library/metadata/75/75799de484ac4f4cadc268d2cbea830a",,,,,,,
"#	FireTrainingSim/Library/metadata/76/7668179ede524d6396c8b7d84461ea29",,,,,,,
"#	FireTrainingSim/Library/metadata/80/80a3616ca19596e4da0f10f14d241e9f",,,,,,,
"#	FireTrainingSim/Library/metadata/84/844f815391db42d49455cbf1a7bfc434",,,,,,,
"#	FireTrainingSim/Library/metadata/84/84ca94c19f25ae14d83aa41bb3654390",,,,,,,
"#	FireTrainingSim/Library/metadata/87/870353891bb340e2b2a9c8707e7419ba",,,,,,,
"#	FireTrainingSim/Library/metadata/8e/8e7066e382b0fc749b25dbb1a3004dfe",,,,,,,
"#	FireTrainingSim/Library/metadata/90/9078b7128e594410d9b89e5b24cffd01",,,,,,,
"#	FireTrainingSim/Library/metadata/ad/adebbd281f1a4ef3a30be7f21937e02f",,,,,,,
"#	FireTrainingSim/Library/metadata/b2/b2b693dffac3a4433b3114fea0b7fd4e",,,,,,,
"#	FireTrainingSim/Library/metadata/b2/b2bead50dbf86924f8e51f03ddbebf70",,,,,,,
"#	FireTrainingSim/Library/metadata/b5/b5da970776034f77a070d99423d68791",,,,,,,
"#	FireTrainingSim/Library/metadata/b8/b8a0574e92bd43a59e19d6c3c6ae54c7",,,,,,,
"#	FireTrainingSim/Library/metadata/b9/b95ab00277ee47c687d710a3bb623d0a",,,,,,,
"#	FireTrainingSim/Library/metadata/c7/c768acbc9cf24d398488bb4c93b91288",,,,,,,
"#	FireTrainingSim/Library/metadata/d0/d05b96cee66e14240838de167097537a",,,,,,,
"#	FireTrainingSim/Library/metadata/d3/d33d54853fd0f48e0ac8a63ea91e6626",,,,,,,
"#	FireTrainingSim/Library/metadata/d9/d91035c548f23744c9bfb107348ed1c0",,,,,,,
"#	FireTrainingSim/Library/metadata/dc/dc443db3e92b4983b9738c1131f555cb",,,,,,,
"#	FireTrainingSim/Library/metadata/e1/e1007cd261c84053beb0c3537782908d",,,,,,,
"#	FireTrainingSim/Library/metadata/e4/e4f4cf1b9b434137a499903a7a1d651a",,,,,,,
"#	FireTrainingSim/Library/metadata/ea/ead147da21254ff9a0a936bdd75e1680",,,,,,,
"#	FireTrainingSim/Library/metadata/ed/ed7343f30e3843b3afda8f8b02669cea",,,,,,,
"#	FireTrainingSim/Library/metadata/f5/f5f67c52d1564df4a8936ccd202a3bd8",,,,,,,
"#	FireTrainingSim/Library/metadata/f7/f70555f144d8491a825f0804e09c671c",,,,,,,
"#	FireTrainingSim/Library/metadata/f7/f7b54ff4a43d4fcf81b4538b678e0bcc",,,,,,,
"#	FireTrainingSim/Library/shadercompiler-UnityShaderCompiler.exe0.log",,,,,,,
"#	FireTrainingSim/ProjectSettings/TagManager.asset",,,,,,,
"#	FireTrainingSim/obj/Debug/Assembly-CSharp.csproj.CoreCompileInputs.cache",,,,,,,
"#	FireTrainingSim/obj/Debug/Assembly-CSharp.csproj.FileListAbsolute.txt",,,,,,,
"#	FireTrainingSim/obj/Debug/Assembly-CSharp.csprojResolveAssemblyReference.cache",,,,,,,
"#	FireTrainingSim/obj/Debug/Assembly-CSharp.dll",,,,,,,
"#	FireTrainingSim/obj/Debug/Assembly-CSharp.pdb",,,,,,,
"#	FireTrainingSim/obj/Debug/DesignTimeResolveAssemblyReferencesInput.cache",,,,,,,
,,,,,,,
e8bf3aa0,Devin-Colyer,3 months ago,Mon Feb 10 09:09:51 2020 +0000,Merge pull request #5 from Devin-Colyer/Movement-Test,Movement test,,
6ac76997,Devin-Colyer,3 months ago,Thu Feb 6 18:43:34 2020 +0000,Improved Scene & Detection Boxes,,,
fa602a61,Devin-Colyer,3 months ago,Thu Feb 6 18:19:38 2020 +0000,Camera Movement Implemented,I implemented the moving camera, you must add the script to the room parent object that has the disappearing room script. When OnTriggerEnter is called the camera is set up to move and while the player is in the trigger box the camera will move to the location automatically determined in the script,
,,,,,,,
3a41d7d9,Devin,3 months ago,Thu Feb 6 12:58:52 2020 +0000,Changed Names and Added Room Lips, Started on Camera Movement,,
7fd66e9a,Devin,3 months ago,Tue Feb 4 16:31:18 2020 +0000,Disappearing Rooms Implemented,Rooms Disappear when the player leaves the room. Changed camera to orthographic view. Changed skybox to black. Added comments.,,
,,,,,,,
fa8d7cab,MarkTempestMitchell,3 months ago,Tue Feb 4 15:04:02 2020 +0000,Merge pull request #4 from Devin-Colyer/art-materials,Placeholders,,
13de92d7,MarkTempestMitchell,3 months ago,Tue Feb 4 15:03:19 2020 +0000,Placeholders,Bunch of placeholders for Early Test Demo,,
9451f843,Devin,3 months ago,Tue Feb 4 14:36:47 2020 +0000,Point & Click Movement Implemented,Point and click movement controller script works. Room dissapearance does not work but is a wip. Scene with baked nav mesh made.,,
,,,,,,,
2.55E+28,MarkTempestMitchell,3 months ago,Tue Feb 4 11:23:46 2020 +0000,Merge pull request #3 from Devin-Colyer/art-materials,player_model added,,
90e3a31a,MARK TEMPEST-MITCHELL,3 months ago,Tue Feb 4 11:22:24 2020 +0000,player_model added,Added player_model & anim_idle & anim_walk. Hoping it works on first attempt.,,
,,,,,,,
9157d073,Devin,3 months ago,Tue Feb 4 10:59:55 2020 +0000,Merge branch 'master' of https://github.com/Devin-Colyer/des310_FireTrainingSimulator,,,
04842d8f,Devin,3 months ago,Tue Feb 4 10:59:21 2020 +0000,Adding Unity Project,Unity Project w/ 3D Template,,
,,,,,,,
bd039d34,Michael Lindermanis,3 months ago,Tue Feb 4 10:57:49 2020 +0000,Removed hello.txt,,,
5e8fae6d,Michael Lindermanis,3 months ago,Tue Feb 4 10:56:59 2020 +0000,Merge branch 'master' of https://github.com/Devin-Colyer/des310_FireTrainingSimulator,,,
5db60a48,Devin-Colyer,3 months ago,Tue Feb 4 10:55:34 2020 +0000,Set theme jekyll-theme-midnight,,,
979de395,Michael Lindermanis,3 months ago,Tue Feb 4 10:55:32 2020 +0000,Merge branch 'master' of https://github.com/Devin-Colyer/des310_FireTrainingSimulator,,,
fe7a4228,Michael Lindermanis,3 months ago,Tue Feb 4 10:55:01 2020 +0000,Created empty unity project.,Default 3D project template. Use as a starting point for developing prototypes.,,
,,,,,,,
9afe065e,Devin,3 months ago,Tue Feb 4 10:53:41 2020 +0000,Merge branch 'master' of https://github.com/Devin-Colyer/des310_FireTrainingSimulator,,,
4.96E+05,Devin,3 months ago,Tue Feb 4 10:53:31 2020 +0000,Fixing Master Branch,,,
d55a2b4d,Devin-Colyer,3 months ago,Tue Feb 4 10:48:20 2020 +0000,Merge pull request #2 from Devin-Colyer/I'm-adding-something,I too have added something.,,
401143c6,Michael Lindermanis,3 months ago,Tue Feb 4 10:45:20 2020 +0000,I too have added something.,Yes.,,
,,,,,,,
d4b99e3b,Devin,3 months ago,Tue Feb 4 10:40:52 2020 +0000,Unity Project Initialised,,,
4a1e522b,Devin-Colyer,4 months ago,Mon Jan 20 12:29:10 2020 +0000,Merge pull request #1 from Devin-Colyer/I'm-adding-something,Create New Thing.txt,,
6eecb4e1,Devin,4 months ago,Mon Jan 20 11:56:41 2020 +0000,Create New Thing.txt,I added a file,,
,,,,,,,
54bf522d,Devin,4 months ago,Tue Jan 14 12:18:47 2020 +0000,Update README.md,Added copyright to repo,,
,,,,,,,
ac46d7a0,Devin-Colyer,4 months ago,Tue Jan 14 11:59:06 2020 +0000,Initial commit,,,
